<?xml version="1.0" encoding="UTF-8"?><?xml-stylesheet type='text/xsl' href='_UpgradeReport_Files/UpgradeReport.xslt'?><UpgradeLog>
<Properties><Property Name="Solution" Value="SRQEvent">
</Property><Property Name="Solution File" Value="E:\001 WORK FILES\2011\01 January\2011_01_05 Polarymeter\SCR\34401A\SRQEvent\SRQEvent.sln">
</Property><Property Name="Date" Value="5 มกราคม 2554">
</Property><Property Name="Time" Value="19:02">
</Property></Properties><Event ErrorLevel="0" Project="" Source="SRQEvent.sln" Description="File successfully backed up as E:\001 WORK FILES\2011\01 January\2011_01_05 Polarymeter\SCR\34401A\SRQEvent\Backup\SRQEvent.sln">
</Event><Event ErrorLevel="0" Project="SRQEvent" Source="SRQEvent\SRQEvent.vbproj" Description="Project file successfully backed up as E:\001 WORK FILES\2011\01 January\2011_01_05 Polarymeter\SCR\34401A\SRQEvent\Backup\SRQEvent\SRQEvent.vbproj">
</Event><Event ErrorLevel="0" Project="SRQEvent" Source="SRQEvent\AssemblyInfo.vb" Description="File successfully backed up as E:\001 WORK FILES\2011\01 January\2011_01_05 Polarymeter\SCR\34401A\SRQEvent\Backup\SRQEvent\AssemblyInfo.vb">
</Event><Event ErrorLevel="0" Project="SRQEvent" Source="SRQEvent\SRQEvent.vb" Description="File successfully backed up as E:\001 WORK FILES\2011\01 January\2011_01_05 Polarymeter\SCR\34401A\SRQEvent\Backup\SRQEvent\SRQEvent.vb">
</Event><Event ErrorLevel="0" Project="SRQEvent" Source="SRQEvent\SRQEvent.resx" Description="File successfully backed up as E:\001 WORK FILES\2011\01 January\2011_01_05 Polarymeter\SCR\34401A\SRQEvent\Backup\SRQEvent\SRQEvent.resx">
</Event><Event ErrorLevel="0" Project="SRQEvent" Source="SRQEvent\SRQEvent.vbproj" Description="Project converted successfully">
</Event><Event ErrorLevel="3" Project="SRQEvent" Source="SRQEvent\SRQEvent.vbproj" Description="Converted">
</Event><Event ErrorLevel="0" Project="" Source="SRQEvent.sln" Description="Solution converted successfully">
</Event><Event ErrorLevel="3" Project="" Source="SRQEvent.sln" Description="Converted">
</Event><Event ErrorLevel="0" Project="SRQEvent" Source="SRQEvent\SRQEvent.vbproj" Description="Scan complete: Upgrade not required for project files.">
</Event></UpgradeLog>