<?xml version="1.0" encoding="UTF-8"?><?xml-stylesheet type='text/xsl' href='_UpgradeReport_Files/UpgradeReport.xslt'?><UpgradeLog>
<Properties><Property Name="Solution" Value="GPIBMeasConfig">
</Property><Property Name="Solution File" Value="C:\Program Files\Agilent\IO Libraries Suite\ProgrammingSamples\VB.NET\VISACOM\34401A\GPIBMeasConfig\GPIBMeasConfig.sln">
</Property><Property Name="Date" Value="5 ตุลาคม 2552">
</Property><Property Name="Time" Value="9:58">
</Property></Properties><Event ErrorLevel="0" Project="" Source="GPIBMeasConfig.sln" Description="File successfully backed up as C:\Program Files\Agilent\IO Libraries Suite\ProgrammingSamples\VB.NET\VISACOM\34401A\GPIBMeasConfig\Backup\GPIBMeasConfig.sln">
</Event><Event ErrorLevel="0" Project="GPIBMeasConfig" Source="GPIBMeasConfig\GPIBMeasConfig.vbproj" Description="Project file successfully backed up as C:\Program Files\Agilent\IO Libraries Suite\ProgrammingSamples\VB.NET\VISACOM\34401A\GPIBMeasConfig\Backup\GPIBMeasConfig\GPIBMeasConfig.vbproj">
</Event><Event ErrorLevel="0" Project="GPIBMeasConfig" Source="GPIBMeasConfig\AssemblyInfo.vb" Description="File successfully backed up as C:\Program Files\Agilent\IO Libraries Suite\ProgrammingSamples\VB.NET\VISACOM\34401A\GPIBMeasConfig\Backup\GPIBMeasConfig\AssemblyInfo.vb">
</Event><Event ErrorLevel="0" Project="GPIBMeasConfig" Source="GPIBMeasConfig\GPIBMeasConfig.vb" Description="File successfully backed up as C:\Program Files\Agilent\IO Libraries Suite\ProgrammingSamples\VB.NET\VISACOM\34401A\GPIBMeasConfig\Backup\GPIBMeasConfig\GPIBMeasConfig.vb">
</Event><Event ErrorLevel="0" Project="GPIBMeasConfig" Source="GPIBMeasConfig\GPIBMeasConfig.resx" Description="File successfully backed up as C:\Program Files\Agilent\IO Libraries Suite\ProgrammingSamples\VB.NET\VISACOM\34401A\GPIBMeasConfig\Backup\GPIBMeasConfig\GPIBMeasConfig.resx">
</Event><Event ErrorLevel="0" Project="GPIBMeasConfig" Source="GPIBMeasConfig\GPIBMeasConfig.vbproj" Description="Project converted successfully">
</Event><Event ErrorLevel="3" Project="GPIBMeasConfig" Source="GPIBMeasConfig\GPIBMeasConfig.vbproj" Description="Converted">
</Event><Event ErrorLevel="0" Project="" Source="GPIBMeasConfig.sln" Description="Solution converted successfully">
</Event><Event ErrorLevel="3" Project="" Source="GPIBMeasConfig.sln" Description="Converted">
</Event><Event ErrorLevel="0" Project="GPIBMeasConfig" Source="GPIBMeasConfig\GPIBMeasConfig.vbproj" Description="Scan complete: Upgrade not required for project files.">
</Event></UpgradeLog>