<?xml version="1.0" ?> 
<SampleConfigs>
<SampleConfig ParentNodeID = "Printing" Priority="100">
  <Title>Printing and Previewing</Title> 
  <Thumbnail>thumbnail.jpg</Thumbnail>
  <ShortBlurb>Printing and Previewing</ShortBlurb> 
  <SampleControl>PrintPreview</SampleControl> 
  <InfoPages>
    <InfoPage Title="C# Source">cscode.txt</InfoPage>
    <InfoPage Title="Visual Basic Source">vbcode.txt</InfoPage>
  </InfoPages>
  <Keywords>
    <Keyword>Printing</Keyword>
    <Keyword>Printing, Print preview</Keyword>
  </Keywords> 
</SampleConfig>

</SampleConfigs>
