<?xml version="1.0" ?> 
<SampleConfigs>
<SampleConfig ParentNodeID = "Selection">
  <Title>Drill Down</Title> 
  <Thumbnail>thumbnail.jpg</Thumbnail>
  <ShortBlurb>Chart Drill Down</ShortBlurb> 
  <SampleControl>DrillDown</SampleControl> 
  <InfoPages>
    <InfoPage Title="C# Source">cscode.txt</InfoPage>
    <InfoPage Title="Visual Basic Source">vbcode.txt</InfoPage>
  </InfoPages>
	<Keywords>
		<Keyword>Drill down</Keyword>
		<Keyword>Events, Drill down</Keyword>
		<Keyword>Interactive chart, Drill down</Keyword>
	</Keywords> 

</SampleConfig>


</SampleConfigs>
