<?xml version="1.0" ?> 
<SampleConfigs>
<SampleConfig ParentNodeID = "Annotations" Priority="600">
  <Title>Editing Annotation Text</Title> 
  <Thumbnail>thumbnail.jpg</Thumbnail>
  <ShortBlurb>Editing Annotation Text</ShortBlurb> 
  <SampleControl>AnnotationEditing</SampleControl> 
  <InfoPages>
    <InfoPage Title="C# Source">cscode.txt</InfoPage>
    <InfoPage Title="Visual Basic Source">vbcode.txt</InfoPage>
  </InfoPages>
  <Keywords>
	<Keyword>Annotations, Editing Text</Keyword>
	<Keyword>Annotations, Multiline</Keyword>
  </Keywords>
</SampleConfig>

</SampleConfigs>
