<?xml version="1.0" ?> 
<SampleConfigs>
<SampleConfig ParentNodeID = "Legend" Priority="200">
  <Title>Setting Multiple Columns</Title> 
  <Thumbnail>thumbnail.jpg</Thumbnail>
  <ShortBlurb>Setting Multiple Columns</ShortBlurb> 
  <SampleControl>LegendCellColumns</SampleControl> 
  <InfoPages>  
    <InfoPage Title="C# Source">cscode.txt</InfoPage>
    <InfoPage Title="Visual Basic Source">vbcode.txt</InfoPage>
  </InfoPages>
  <Keywords>
    <Keyword>Legend, Cell Columns</Keyword>
  </Keywords>    

</SampleConfig>
</SampleConfigs>
