<?xml version="1.0" ?> 
<SampleConfigs>
<SampleConfig ParentNodeID = "Labels" Priority="400">
  <Title>Formatting Labels</Title> 
  <Thumbnail>thumbnail.jpg</Thumbnail>
  <ShortBlurb>Formatting Labels</ShortBlurb> 
  <SampleControl>LabelsFormatting</SampleControl> 
  <InfoPages>
    <InfoPage Title="C# Source">cscode.txt</InfoPage>
    <InfoPage Title="Visual Basic Source">vbcode.txt</InfoPage>
  </InfoPages>

  <Keywords>
    <Keyword>Data Label, Formatting</Keyword>
	<Keyword>Labels, Formatting</Keyword>
	<Keyword>Axis, Labels formatting</Keyword>
	<Keyword>Formatting, Labels</Keyword>
  </Keywords>    

</SampleConfig>

</SampleConfigs>
