<?xml version="1.0" ?> 
<SampleConfigs>
<SampleConfig ParentNodeID = "Axis" Priority="200">
  <Title>Axis Title</Title> 
  <Thumbnail>thumbnail.jpg</Thumbnail>
  <ShortBlurb>Setting the Axis Title Appearance</ShortBlurb> 
  <SampleControl>AxisTitle</SampleControl> 
  <InfoPages>
    <InfoPage Title="C# Source">cscode.txt</InfoPage>
    <InfoPage Title="Visual Basic Source">vbcode.txt</InfoPage>
  </InfoPages>
  <Keywords>
	<Keyword>Axis, Title</Keyword>
	<Keyword>Title, Axis</Keyword>
  </Keywords> 
</SampleConfig>

<SampleConfig ParentNodeID = "Titles">
  <Title>Axis Title</Title> 
  <Thumbnail>thumbnail.jpg</Thumbnail>
  <ShortBlurb>Setting Axis Title Appearance</ShortBlurb> 
  <SampleControl>AxisTitle</SampleControl> 
  <InfoPages>
    <InfoPage Title="C# Source">cscode.txt</InfoPage>
    <InfoPage Title="Visual Basic Source">vbcode.txt</InfoPage>
  </InfoPages>
  <Keywords>
	<Keyword>Axis, Title</Keyword>
	<Keyword>Title, Axis</Keyword>
  </Keywords> 
</SampleConfig>

</SampleConfigs>
